epoch,stage,lr,train_loss,train_ce_loss,train_loss_k,train_acc,val_loss,val_ce_loss,val_loss_k,val_acc,val_balanced_acc,val_macro_f1,val_weighted_f1,val_qwk,mean_p_sum,time_sec
1,warmup,0.0001,284.06927724984973,1.633847413918911,43451.603590745195,0.22549019607843138,103.56110992431641,1.5751996636390686,2039.7181640625,0.2597402597402597,0.2415329768270945,0.2235171261487051,0.2508625459753279,0.29436109674081734,217.18144,126.84662771224976
2,warmup,0.0001,6.629282297232212,1.6043301392824223,628.1189910203983,0.24836601307189543,4.5893055438995365,1.6009052634239196,59.7680061340332,0.2597402597402597,0.26021984551396315,0.2297026531297631,0.23696948895739875,0.1555668530757498,33.4838,132.22988390922546
3,warmup,0.0001,1.7608008812635372,1.6059409563358014,16.30104538110586,0.23529411764705882,6.012198162078858,1.6024406671524047,88.19514923095703,0.2727272727272727,0.2615270350564468,0.23363338959890684,0.247226968433865,0.1639019559296856,16.023306,124.54059886932373
4,warmup,0.0001,1.7516859127924993,1.6039934005492773,13.426592551744902,0.2549019607843137,5.3750081062316895,1.6005926132202148,75.48830871582031,0.2597402597402597,0.2393048128342246,0.20900328301081705,0.23256190760433834,0.15372537824721666,14.509842,123.497478723526
5,warmup,0.0001,1.7565737534791996,1.5975480599281116,12.722055948697603,0.28104575163398693,4.85614857673645,1.5987188339233398,65.14859466552734,0.2857142857142857,0.26506238859180037,0.2426215463696723,0.2678289797587291,0.19956034129438505,15.031755,127.65919065475464
6,warmup,0.0001,1.816576062104641,1.6026870623613014,15.277785631326529,0.28431372549019607,4.533583068847657,1.5969593524932861,58.73247184753418,0.2857142857142857,0.2699643493761141,0.24574855429428144,0.26744234561754376,0.17455271329291744,15.038112,138.18185472488403
